epoch,accuracy,learning_rate,loss,top_3_accuracy,val_accuracy,val_loss,val_top_3_accuracy
0,0.8208600282669067,0.0010000000474974513,0.6016426086425781,0.9449430108070374,0.9165865182876587,0.25206485390663147,0.9886217713356018
1,0.9223913550376892,0.0010000000474974513,0.2407979965209961,0.9905893802642822,0.9276442527770996,0.20607194304466248,0.9930288195610046
2,0.9334045648574829,0.0010000000474974513,0.1998361051082611,0.9933315515518188,0.9346955418586731,0.18878932297229767,0.9927884340286255
3,0.9403756856918335,0.0010000000474974513,0.1769418716430664,0.9945690631866455,0.9403044581413269,0.16857966780662537,0.9949519038200378
4,0.9429932236671448,0.0010000000474974513,0.1651737540960312,0.9954059720039368,0.9430288672447205,0.1662241816520691,0.9947916865348816
5,0.9475694298744202,0.0010000000474974513,0.15310728549957275,0.9960915446281433,0.9435096383094788,0.16417664289474487,0.9947115182876587
6,0.9480591416358948,0.0010000000474974513,0.1446845829486847,0.9963853359222412,0.9437500238418579,0.16311900317668915,0.9947916865348816
7,0.9514334201812744,0.0010000000474974513,0.1367247849702835,0.9968571662902832,0.9422275424003601,0.16965003311634064,0.9943109154701233
8,0.9536502957344055,0.0010000000474974513,0.12981602549552917,0.9972934722900391,0.9424679279327393,0.1703529953956604,0.9943109154701233
9,0.9550392031669617,0.0010000000474974513,0.12396318465471268,0.9976762533187866,0.9413461685180664,0.17746849358081818,0.9942307472229004
10,0.9626869559288025,0.0005000000237487257,0.10266133397817612,0.9983529448509216,0.9480769038200378,0.15329043567180634,0.9957532286643982
11,0.9632656574249268,0.0005000000237487257,0.09669770300388336,0.9987357258796692,0.9459134340286255,0.1648062914609909,0.995512843132019
12,0.965446949005127,0.0005000000237487257,0.09167925268411636,0.9988337159156799,0.9464743733406067,0.16178125143051147,0.9952724575996399
13,0.9663550853729248,0.0005000000237487257,0.08724166452884674,0.9990295767784119,0.9439102411270142,0.17435061931610107,0.9946314096450806
14,0.9701210856437683,0.0002500000118743628,0.07688260078430176,0.9992877244949341,0.9502403736114502,0.16110223531723022,0.9952724575996399
15,0.971581220626831,0.0002500000118743628,0.07296183705329895,0.9993767738342285,0.9466345906257629,0.16735844314098358,0.9957532286643982
