image_path,true_label,predicted_label,confidence,top_3,source
data/raw_airwrite/A/airwrite_A_20260728_220001_370773_680bf4.png,A,M,0.8266783952713013,"[{""label"": ""M"", ""probability"": 0.8266783952713013}, {""label"": ""R"", ""probability"": 0.09232097119092941}, {""label"": ""N"", ""probability"": 0.07155993580818176}]",airwrite
data/raw_airwrite/A/airwrite_A_20260728_220741_852313_8dd31e.png,A,Y,0.9597958326339722,"[{""label"": ""Y"", ""probability"": 0.9597958326339722}, {""label"": ""N"", ""probability"": 0.008115223608911037}, {""label"": ""H"", ""probability"": 0.0079279113560915}]",airwrite
data/raw_airwrite/A/airwrite_A_20260728_220830_230461_61066d.png,A,S,0.6056753396987915,"[{""label"": ""S"", ""probability"": 0.6056753396987915}, {""label"": ""J"", ""probability"": 0.24627608060836792}, {""label"": ""C"", ""probability"": 0.04379747062921524}]",airwrite
data/raw_airwrite/A/airwrite_A_20260728_220843_569944_9ea75c.png,A,R,0.6571407318115234,"[{""label"": ""R"", ""probability"": 0.6571407318115234}, {""label"": ""M"", ""probability"": 0.1613687127828598}, {""label"": ""K"", ""probability"": 0.15122266113758087}]",airwrite
data/raw_airwrite/A/airwrite_A_20260903_141649_856269_c6d255.png,A,O,0.7968701124191284,"[{""label"": ""O"", ""probability"": 0.7968701124191284}, {""label"": ""A"", ""probability"": 0.07882118225097656}, {""label"": ""D"", ""probability"": 0.06052210554480553}]",airwrite
data/raw_airwrite/B/airwrite_B_20260728_221606_694578_045716.png,B,G,0.5910093188285828,"[{""label"": ""G"", ""probability"": 0.5910093188285828}, {""label"": ""B"", ""probability"": 0.21769823133945465}, {""label"": ""D"", ""probability"": 0.11409655213356018}]",airwrite
data/raw_airwrite/B/airwrite_B_20260728_221644_794161_995379.png,B,F,0.5103850960731506,"[{""label"": ""F"", ""probability"": 0.5103850960731506}, {""label"": ""G"", ""probability"": 0.23163484036922455}, {""label"": ""P"", ""probability"": 0.1881096065044403}]",airwrite
data/raw_airwrite/B/airwrite_B_20260728_221734_186515_be1bb5.png,B,A,0.2706087529659271,"[{""label"": ""A"", ""probability"": 0.2706087529659271}, {""label"": ""B"", ""probability"": 0.2239270955324173}, {""label"": ""D"", ""probability"": 0.19883355498313904}]",airwrite
data/raw_airwrite/B/airwrite_B_20260728_221833_168645_a38bb9.png,B,A,0.7926687598228455,"[{""label"": ""A"", ""probability"": 0.7926687598228455}, {""label"": ""R"", ""probability"": 0.16556870937347412}, {""label"": ""Q"", ""probability"": 0.01730809547007084}]",airwrite
data/raw_airwrite/B/airwrite_B_20260728_221918_849215_92400b.png,B,Q,0.5573930144309998,"[{""label"": ""Q"", ""probability"": 0.5573930144309998}, {""label"": ""A"", ""probability"": 0.1605677604675293}, {""label"": ""R"", ""probability"": 0.14002801477909088}]",airwrite
data/raw_airwrite/B/airwrite_B_20260728_222013_903257_65334c.png,B,A,0.6749686598777771,"[{""label"": ""A"", ""probability"": 0.6749686598777771}, {""label"": ""D"", ""probability"": 0.18955902755260468}, {""label"": ""B"", ""probability"": 0.059228476136922836}]",airwrite
data/raw_airwrite/B/airwrite_B_20260728_222030_787101_d9197f.png,B,E,0.2236107736825943,"[{""label"": ""E"", ""probability"": 0.2236107736825943}, {""label"": ""A"", ""probability"": 0.17887210845947266}, {""label"": ""B"", ""probability"": 0.12077666819095612}]",airwrite
data/raw_airwrite/B/airwrite_B_20260728_222048_058022_e238f5.png,B,A,0.21525272727012634,"[{""label"": ""A"", ""probability"": 0.21525272727012634}, {""label"": ""B"", ""probability"": 0.18403968214988708}, {""label"": ""D"", ""probability"": 0.15035372972488403}]",airwrite
data/raw_airwrite/B/airwrite_B_20260728_222135_832841_0b0446.png,B,S,0.47940436005592346,"[{""label"": ""S"", ""probability"": 0.47940436005592346}, {""label"": ""B"", ""probability"": 0.22441914677619934}, {""label"": ""G"", ""probability"": 0.1339268684387207}]",airwrite
data/raw_airwrite/B/airwrite_B_20260903_142428_355183_9c754f.png,B,F,0.47315722703933716,"[{""label"": ""F"", ""probability"": 0.47315722703933716}, {""label"": ""Y"", ""probability"": 0.343950480222702}, {""label"": ""B"", ""probability"": 0.07167179137468338}]",airwrite
data/raw_airwrite/C/airwrite_C_20260728_222443_974106_7f1a2e.png,C,J,0.9215580821037292,"[{""label"": ""J"", ""probability"": 0.9215580821037292}, {""label"": ""S"", ""probability"": 0.07723245769739151}, {""label"": ""C"", ""probability"": 0.0007991701713763177}]",airwrite
data/raw_airwrite/C/airwrite_C_20260728_222742_640936_96fdd7.png,C,O,0.8104109168052673,"[{""label"": ""O"", ""probability"": 0.8104109168052673}, {""label"": ""J"", ""probability"": 0.09955175966024399}, {""label"": ""S"", ""probability"": 0.05754474550485611}]",airwrite
data/raw_airwrite/C/airwrite_C_20260728_222816_419923_c6949b.png,C,O,0.5692992806434631,"[{""label"": ""O"", ""probability"": 0.5692992806434631}, {""label"": ""J"", ""probability"": 0.28197142481803894}, {""label"": ""C"", ""probability"": 0.07453877478837967}]",airwrite
data/raw_airwrite/C/airwrite_C_20260901_161615_534680_a5bc21.png,C,Z,0.9377719163894653,"[{""label"": ""Z"", ""probability"": 0.9377719163894653}, {""label"": ""C"", ""probability"": 0.0394749715924263}, {""label"": ""E"", ""probability"": 0.011707624420523643}]",airwrite
data/raw_airwrite/C/airwrite_C_20260903_143106_656683_f1647a.png,C,R,0.29040420055389404,"[{""label"": ""R"", ""probability"": 0.29040420055389404}, {""label"": ""P"", ""probability"": 0.28266552090644836}, {""label"": ""Y"", ""probability"": 0.11822674423456192}]",airwrite
data/raw_airwrite/D/airwrite_D_20260728_222955_452384_aed6fc.png,D,P,0.5752578973770142,"[{""label"": ""P"", ""probability"": 0.5752578973770142}, {""label"": ""B"", ""probability"": 0.2491050660610199}, {""label"": ""R"", ""probability"": 0.12249529361724854}]",airwrite
data/raw_airwrite/D/airwrite_D_20260728_223014_663337_2b36f0.png,D,S,0.6031884551048279,"[{""label"": ""S"", ""probability"": 0.6031884551048279}, {""label"": ""O"", ""probability"": 0.16054672002792358}, {""label"": ""D"", ""probability"": 0.10649380087852478}]",airwrite
data/raw_airwrite/D/airwrite_D_20260728_223058_087222_00295f.png,D,O,0.9838979840278625,"[{""label"": ""O"", ""probability"": 0.9838979840278625}, {""label"": ""C"", ""probability"": 0.013912788592278957}, {""label"": ""S"", ""probability"": 0.0015971693210303783}]",airwrite
data/raw_airwrite/D/airwrite_D_20260728_223237_550730_a4e935.png,D,E,0.37182456254959106,"[{""label"": ""E"", ""probability"": 0.37182456254959106}, {""label"": ""B"", ""probability"": 0.18745101988315582}, {""label"": ""A"", ""probability"": 0.18678654730319977}]",airwrite
data/raw_airwrite/D/airwrite_D_20260728_223247_784363_d2fab9.png,D,S,0.5500203967094421,"[{""label"": ""S"", ""probability"": 0.5500203967094421}, {""label"": ""O"", ""probability"": 0.34226974844932556}, {""label"": ""D"", ""probability"": 0.07820113003253937}]",airwrite
data/raw_airwrite/D/airwrite_D_20260728_223448_554546_81c95f.png,D,P,0.5351324677467346,"[{""label"": ""P"", ""probability"": 0.5351324677467346}, {""label"": ""B"", ""probability"": 0.4049378037452698}, {""label"": ""R"", ""probability"": 0.026016615331172943}]",airwrite
data/raw_airwrite/D/airwrite_D_20260728_223533_266666_0a11d1.png,D,O,0.6833764910697937,"[{""label"": ""O"", ""probability"": 0.6833764910697937}, {""label"": ""D"", ""probability"": 0.10030820220708847}, {""label"": ""S"", ""probability"": 0.07793626934289932}]",airwrite
data/raw_airwrite/D/airwrite_D_20260728_223603_709283_7120ae.png,D,S,0.46829816699028015,"[{""label"": ""S"", ""probability"": 0.46829816699028015}, {""label"": ""B"", ""probability"": 0.16956491768360138}, {""label"": ""E"", ""probability"": 0.11749409884214401}]",airwrite
data/raw_airwrite/D/airwrite_D_20260728_223758_726196_af18af.png,D,V,0.30084067583084106,"[{""label"": ""V"", ""probability"": 0.30084067583084106}, {""label"": ""S"", ""probability"": 0.16953229904174805}, {""label"": ""B"", ""probability"": 0.11064781993627548}]",airwrite
data/raw_airwrite/D/airwrite_D_20260903_144108_831396_18ed20.png,D,U,0.8995330333709717,"[{""label"": ""U"", ""probability"": 0.8995330333709717}, {""label"": ""A"", ""probability"": 0.047699082642793655}, {""label"": ""D"", ""probability"": 0.03328513354063034}]",airwrite
data/raw_airwrite/D/airwrite_D_20260903_144343_041761_88e4a4.png,D,Y,0.6491060853004456,"[{""label"": ""Y"", ""probability"": 0.6491060853004456}, {""label"": ""H"", ""probability"": 0.28320634365081787}, {""label"": ""A"", ""probability"": 0.03124416433274746}]",airwrite
data/raw_airwrite/E/airwrite_E_20260804_141046_709126_cc47a9.png,E,S,0.9764012694358826,"[{""label"": ""S"", ""probability"": 0.9764012694358826}, {""label"": ""E"", ""probability"": 0.020467352122068405}, {""label"": ""J"", ""probability"": 0.002976631745696068}]",airwrite
data/raw_airwrite/E/airwrite_E_20260804_141746_400799_6f4313.png,E,S,0.3841312825679779,"[{""label"": ""S"", ""probability"": 0.3841312825679779}, {""label"": ""E"", ""probability"": 0.35457995533943176}, {""label"": ""Z"", ""probability"": 0.1530706286430359}]",airwrite
data/raw_airwrite/E/airwrite_E_20260804_141820_429293_04cbba.png,E,G,0.2844551205635071,"[{""label"": ""G"", ""probability"": 0.2844551205635071}, {""label"": ""E"", ""probability"": 0.2460753619670868}, {""label"": ""F"", ""probability"": 0.24568437039852142}]",airwrite
data/raw_airwrite/E/airwrite_E_20260903_145233_177440_0670bf.png,E,S,0.3711279034614563,"[{""label"": ""S"", ""probability"": 0.3711279034614563}, {""label"": ""E"", ""probability"": 0.32664594054222107}, {""label"": ""G"", ""probability"": 0.1337253600358963}]",airwrite
data/raw_airwrite/E/airwrite_lowercase_e_20260805_210911_661187_b3f2c5.png,E,C,0.502486526966095,"[{""label"": ""C"", ""probability"": 0.502486526966095}, {""label"": ""E"", ""probability"": 0.4473911225795746}, {""label"": ""L"", ""probability"": 0.0421513170003891}]",airwrite
data/raw_airwrite/F/airwrite_F_20260804_141939_963399_4b0a3b.png,F,R,0.9368994832038879,"[{""label"": ""R"", ""probability"": 0.9368994832038879}, {""label"": ""F"", ""probability"": 0.049073562026023865}, {""label"": ""K"", ""probability"": 0.0067778825759887695}]",airwrite
data/raw_airwrite/F/airwrite_F_20260804_142024_393772_fcadc9.png,F,M,0.6419907212257385,"[{""label"": ""M"", ""probability"": 0.6419907212257385}, {""label"": ""R"", ""probability"": 0.2960420846939087}, {""label"": ""N"", ""probability"": 0.038573406636714935}]",airwrite
data/raw_airwrite/F/airwrite_F_20260804_142118_673414_45c017.png,F,S,0.3395833969116211,"[{""label"": ""S"", ""probability"": 0.3395833969116211}, {""label"": ""E"", ""probability"": 0.19251398742198944}, {""label"": ""Z"", ""probability"": 0.1762332320213318}]",airwrite
data/raw_airwrite/F/airwrite_F_20260804_142223_573764_95e695.png,F,L,0.7147883772850037,"[{""label"": ""L"", ""probability"": 0.7147883772850037}, {""label"": ""T"", ""probability"": 0.14688552916049957}, {""label"": ""I"", ""probability"": 0.06186551973223686}]",airwrite
data/raw_airwrite/F/airwrite_F_20260903_145748_699916_81e20c.png,F,Y,0.5990613102912903,"[{""label"": ""Y"", ""probability"": 0.5990613102912903}, {""label"": ""F"", ""probability"": 0.1573989987373352}, {""label"": ""P"", ""probability"": 0.1184525117278099}]",airwrite
data/raw_airwrite/F/airwrite_F_20260903_150048_843681_a418d3.png,F,L,0.4960291087627411,"[{""label"": ""L"", ""probability"": 0.4960291087627411}, {""label"": ""B"", ""probability"": 0.22062857449054718}, {""label"": ""I"", ""probability"": 0.09433099627494812}]",airwrite
data/raw_airwrite/F/airwrite_lowercase_f_20260805_211004_708671_b02f10 (11).png,F,Y,0.2714304029941559,"[{""label"": ""Y"", ""probability"": 0.2714304029941559}, {""label"": ""F"", ""probability"": 0.24437998235225677}, {""label"": ""D"", ""probability"": 0.18903785943984985}]",airwrite
data/raw_airwrite/G/airwrite_G_20260804_142933_482764_09e00f.png,G,O,0.9211044907569885,"[{""label"": ""O"", ""probability"": 0.9211044907569885}, {""label"": ""D"", ""probability"": 0.0440695695579052}, {""label"": ""A"", ""probability"": 0.014012915082275867}]",airwrite
data/raw_airwrite/G/airwrite_G_20260901_162528_442466_f7f390.png,G,Y,0.4598284363746643,"[{""label"": ""Y"", ""probability"": 0.4598284363746643}, {""label"": ""D"", ""probability"": 0.23384517431259155}, {""label"": ""F"", ""probability"": 0.15220044553279877}]",airwrite
data/raw_airwrite/G/airwrite_G_20260903_150443_365245_05ea17.png,G,Y,0.8291110396385193,"[{""label"": ""Y"", ""probability"": 0.8291110396385193}, {""label"": ""G"", ""probability"": 0.1022300198674202}, {""label"": ""F"", ""probability"": 0.04596481844782829}]",airwrite
data/raw_airwrite/G/airwrite_G_20260903_150634_849871_1841e2.png,G,F,0.48023518919944763,"[{""label"": ""F"", ""probability"": 0.48023518919944763}, {""label"": ""G"", ""probability"": 0.4030740261077881}, {""label"": ""Y"", ""probability"": 0.04410773143172264}]",airwrite
data/raw_airwrite/G/airwrite_G_20260903_150708_458332_94b5bb.png,G,Q,0.32912877202033997,"[{""label"": ""Q"", ""probability"": 0.32912877202033997}, {""label"": ""P"", ""probability"": 0.24965691566467285}, {""label"": ""G"", ""probability"": 0.2056538462638855}]",airwrite
data/raw_airwrite/H/airwrite_H_20260804_143619_706780_d25dfd.png,H,R,0.5942561030387878,"[{""label"": ""R"", ""probability"": 0.5942561030387878}, {""label"": ""Q"", ""probability"": 0.17758424580097198}, {""label"": ""P"", ""probability"": 0.08903713524341583}]",airwrite
data/raw_airwrite/H/airwrite_H_20260901_162828_341028_13d3bc.png,H,L,0.9023686051368713,"[{""label"": ""L"", ""probability"": 0.9023686051368713}, {""label"": ""I"", ""probability"": 0.042112797498703}, {""label"": ""H"", ""probability"": 0.033776771277189255}]",airwrite
data/raw_airwrite/H/airwrite_H_20260901_162854_409588_4d1a47.png,H,I,0.3560931086540222,"[{""label"": ""I"", ""probability"": 0.3560931086540222}, {""label"": ""L"", ""probability"": 0.2595948278903961}, {""label"": ""H"", ""probability"": 0.19021408259868622}]",airwrite
data/raw_airwrite/H/airwrite_H_20260901_162906_181525_a93d3e.png,H,I,0.5074288845062256,"[{""label"": ""I"", ""probability"": 0.5074288845062256}, {""label"": ""H"", ""probability"": 0.2471969872713089}, {""label"": ""L"", ""probability"": 0.13874375820159912}]",airwrite
data/raw_airwrite/H/airwrite_H_20260903_151203_642827_44854c.png,H,M,0.46771568059921265,"[{""label"": ""M"", ""probability"": 0.46771568059921265}, {""label"": ""H"", ""probability"": 0.2799617648124695}, {""label"": ""N"", ""probability"": 0.13577547669410706}]",airwrite
data/raw_airwrite/H/airwrite_H_20260903_151526_990824_4c2095.png,H,K,0.6079244613647461,"[{""label"": ""K"", ""probability"": 0.6079244613647461}, {""label"": ""H"", ""probability"": 0.20637887716293335}, {""label"": ""R"", ""probability"": 0.1643860787153244}]",airwrite
data/raw_airwrite/I/airwrite_I_20260804_145833_982453_58ab12.png,I,X,0.6932515501976013,"[{""label"": ""X"", ""probability"": 0.6932515501976013}, {""label"": ""F"", ""probability"": 0.15454192459583282}, {""label"": ""Z"", ""probability"": 0.06723953783512115}]",airwrite
data/raw_airwrite/I/airwrite_I_20260804_145910_837454_c04ee7.png,I,X,0.5405994653701782,"[{""label"": ""X"", ""probability"": 0.5405994653701782}, {""label"": ""Z"", ""probability"": 0.190666064620018}, {""label"": ""I"", ""probability"": 0.17434817552566528}]",airwrite
data/raw_airwrite/I/airwrite_I_20260903_152015_870444_674200.png,I,L,0.90470951795578,"[{""label"": ""L"", ""probability"": 0.90470951795578}, {""label"": ""I"", ""probability"": 0.039367057383060455}, {""label"": ""V"", ""probability"": 0.02016018144786358}]",airwrite
data/raw_airwrite/I/airwrite_I_20260903_152131_232472_d64217.png,I,Y,0.5077429413795471,"[{""label"": ""Y"", ""probability"": 0.5077429413795471}, {""label"": ""F"", ""probability"": 0.2614525258541107}, {""label"": ""I"", ""probability"": 0.16953885555267334}]",airwrite
data/raw_airwrite/I/airwrite_I_20260903_152232_310145_77f0da.png,I,X,0.582846999168396,"[{""label"": ""X"", ""probability"": 0.582846999168396}, {""label"": ""I"", ""probability"": 0.23590511083602905}, {""label"": ""Y"", ""probability"": 0.07819031924009323}]",airwrite
data/raw_airwrite/I/airwrite_lowercase_i_20260805_211602_725674_292ce9.png,I,Y,0.7703291177749634,"[{""label"": ""Y"", ""probability"": 0.7703291177749634}, {""label"": ""R"", ""probability"": 0.10868730396032333}, {""label"": ""I"", ""probability"": 0.05118406563997269}]",airwrite
data/raw_airwrite/I/airwrite_lowercase_i_20260805_211607_436291_b80080.png,I,Y,0.732646107673645,"[{""label"": ""Y"", ""probability"": 0.732646107673645}, {""label"": ""I"", ""probability"": 0.18946295976638794}, {""label"": ""R"", ""probability"": 0.030176913365721703}]",airwrite
data/raw_airwrite/I/airwrite_lowercase_i_20260805_211613_351078_fed8b6.png,I,Y,0.5436769723892212,"[{""label"": ""Y"", ""probability"": 0.5436769723892212}, {""label"": ""R"", ""probability"": 0.1981654018163681}, {""label"": ""I"", ""probability"": 0.18204452097415924}]",airwrite
data/raw_airwrite/I/airwrite_lowercase_i_20260805_211623_064652_65d4a1.png,I,Q,0.31675028800964355,"[{""label"": ""Q"", ""probability"": 0.31675028800964355}, {""label"": ""R"", ""probability"": 0.26870661973953247}, {""label"": ""P"", ""probability"": 0.2057228535413742}]",airwrite
data/raw_airwrite/J/airwrite_J_20260903_153540_836361_b206ca.png,J,Y,0.679423451423645,"[{""label"": ""Y"", ""probability"": 0.679423451423645}, {""label"": ""N"", ""probability"": 0.1279577612876892}, {""label"": ""H"", ""probability"": 0.12693311274051666}]",airwrite
data/raw_airwrite/J/airwrite_lowercase_j_20260805_211912_988717_8eb3c5.png,J,G,0.41619279980659485,"[{""label"": ""G"", ""probability"": 0.41619279980659485}, {""label"": ""S"", ""probability"": 0.27772292494773865}, {""label"": ""Y"", ""probability"": 0.13406576216220856}]",airwrite
data/raw_airwrite/K/airwrite_K_20260901_163239_495811_2f64e6.png,K,L,0.9956855773925781,"[{""label"": ""L"", ""probability"": 0.9956855773925781}, {""label"": ""I"", ""probability"": 0.004193343687802553}, {""label"": ""V"", ""probability"": 9.111002873396501e-05}]",airwrite
data/raw_airwrite/K/airwrite_K_20260903_154516_302454_1a9d8a.png,K,Y,0.3742954134941101,"[{""label"": ""Y"", ""probability"": 0.3742954134941101}, {""label"": ""S"", ""probability"": 0.1815374791622162}, {""label"": ""D"", ""probability"": 0.16863387823104858}]",airwrite
data/raw_airwrite/K/airwrite_lowercase_K_20260805_213838_972680_eb1ba7 (3).png,K,I,0.7259392738342285,"[{""label"": ""I"", ""probability"": 0.7259392738342285}, {""label"": ""L"", ""probability"": 0.07721460610628128}, {""label"": ""K"", ""probability"": 0.07532080262899399}]",airwrite
data/raw_airwrite/L/airwrite_L_20260903_155718_261439_cdb476.png,L,Y,0.7019806504249573,"[{""label"": ""Y"", ""probability"": 0.7019806504249573}, {""label"": ""J"", ""probability"": 0.0756022110581398}, {""label"": ""H"", ""probability"": 0.0480789989233017}]",airwrite
data/raw_airwrite/L/airwrite_lowercase_l_20260805_214028_532568_e4cdf6.png,L,E,0.8239580392837524,"[{""label"": ""E"", ""probability"": 0.8239580392837524}, {""label"": ""F"", ""probability"": 0.07384573668241501}, {""label"": ""B"", ""probability"": 0.06151754409074783}]",airwrite
data/raw_airwrite/L/airwrite_lowercase_l_20260805_214057_898694_a71916.png,L,I,0.6381364464759827,"[{""label"": ""I"", ""probability"": 0.6381364464759827}, {""label"": ""L"", ""probability"": 0.26993829011917114}, {""label"": ""J"", ""probability"": 0.04655123129487038}]",airwrite
data/raw_airwrite/M/airwrite_M_20260804_151906_107132_a06f43.png,M,Z,0.9896905422210693,"[{""label"": ""Z"", ""probability"": 0.9896905422210693}, {""label"": ""X"", ""probability"": 0.0059519740752875805}, {""label"": ""E"", ""probability"": 0.004006706178188324}]",airwrite
data/raw_airwrite/M/airwrite_M_20260903_160119_938691_a0e37f.png,M,J,0.2115655094385147,"[{""label"": ""J"", ""probability"": 0.2115655094385147}, {""label"": ""Y"", ""probability"": 0.17903222143650055}, {""label"": ""T"", ""probability"": 0.09611953794956207}]",airwrite
data/raw_airwrite/M/airwrite_M_20260903_160149_385564_7d6fd0.png,M,H,0.5409255623817444,"[{""label"": ""H"", ""probability"": 0.5409255623817444}, {""label"": ""M"", ""probability"": 0.35162198543548584}, {""label"": ""N"", ""probability"": 0.10740976780653}]",airwrite
data/raw_airwrite/M/airwrite_M_20260903_160223_593486_e659fb.png,M,V,0.3814795911312103,"[{""label"": ""V"", ""probability"": 0.3814795911312103}, {""label"": ""F"", ""probability"": 0.2582308053970337}, {""label"": ""S"", ""probability"": 0.2153700888156891}]",airwrite
data/raw_airwrite/M/airwrite_M_20260903_160353_236034_8cca4b.png,M,T,0.1721060872077942,"[{""label"": ""T"", ""probability"": 0.1721060872077942}, {""label"": ""J"", ""probability"": 0.14561453461647034}, {""label"": ""Y"", ""probability"": 0.11759060621261597}]",airwrite
data/raw_airwrite/N/airwrite_N_20260804_153316_692671_010b53.png,N,A,0.5231389403343201,"[{""label"": ""A"", ""probability"": 0.5231389403343201}, {""label"": ""W"", ""probability"": 0.3022893965244293}, {""label"": ""Y"", ""probability"": 0.07252264767885208}]",airwrite
data/raw_airwrite/N/airwrite_N_20260903_161624_591216_65ea06.png,N,M,0.5315637588500977,"[{""label"": ""M"", ""probability"": 0.5315637588500977}, {""label"": ""N"", ""probability"": 0.41667166352272034}, {""label"": ""H"", ""probability"": 0.05150512978434563}]",airwrite
data/raw_airwrite/N/airwrite_N_20260903_162007_093555_edcaf3.png,N,M,0.5720415115356445,"[{""label"": ""M"", ""probability"": 0.5720415115356445}, {""label"": ""H"", ""probability"": 0.2513963282108307}, {""label"": ""N"", ""probability"": 0.17599940299987793}]",airwrite
data/raw_airwrite/P/airwrite_P_20260804_154438_415603_b9576f.png,P,Q,0.953977644443512,"[{""label"": ""Q"", ""probability"": 0.953977644443512}, {""label"": ""R"", ""probability"": 0.0235735010355711}, {""label"": ""P"", ""probability"": 0.008457626216113567}]",airwrite
data/raw_airwrite/P/airwrite_P_20260903_162608_516860_2cc619.png,P,F,0.5573126077651978,"[{""label"": ""F"", ""probability"": 0.5573126077651978}, {""label"": ""G"", ""probability"": 0.34270408749580383}, {""label"": ""P"", ""probability"": 0.092942014336586}]",airwrite
data/raw_airwrite/P/airwrite_P_20260903_162621_277640_445565.png,P,N,0.31857937574386597,"[{""label"": ""N"", ""probability"": 0.31857937574386597}, {""label"": ""H"", ""probability"": 0.23009353876113892}, {""label"": ""A"", ""probability"": 0.18726368248462677}]",airwrite
data/raw_airwrite/Q/airwrite_Q_20260903_163038_919456_75d730.png,Q,Y,0.570227861404419,"[{""label"": ""Y"", ""probability"": 0.570227861404419}, {""label"": ""Q"", ""probability"": 0.3372984528541565}, {""label"": ""F"", ""probability"": 0.042015157639980316}]",airwrite
data/raw_airwrite/Q/airwrite_Q_20260903_163040_993908_4d0fc9.png,Q,Y,0.4234428107738495,"[{""label"": ""Y"", ""probability"": 0.4234428107738495}, {""label"": ""Q"", ""probability"": 0.34756824374198914}, {""label"": ""F"", ""probability"": 0.12326212972402573}]",airwrite
data/raw_airwrite/Q/airwrite_Q_20260903_163145_247541_49c2f7.png,Q,Y,0.34417277574539185,"[{""label"": ""Y"", ""probability"": 0.34417277574539185}, {""label"": ""S"", ""probability"": 0.15852245688438416}, {""label"": ""F"", ""probability"": 0.09772229939699173}]",airwrite
data/raw_airwrite/R/airwrite_R_20260804_160124_591351_c8fb19.png,R,K,0.8374395966529846,"[{""label"": ""K"", ""probability"": 0.8374395966529846}, {""label"": ""R"", ""probability"": 0.14239276945590973}, {""label"": ""H"", ""probability"": 0.019932035356760025}]",airwrite
data/raw_airwrite/R/airwrite_R_20260804_160357_878913_c78e8d.png,R,K,0.6344385743141174,"[{""label"": ""K"", ""probability"": 0.6344385743141174}, {""label"": ""H"", ""probability"": 0.17682036757469177}, {""label"": ""R"", ""probability"": 0.17064563930034637}]",airwrite
data/raw_airwrite/R/airwrite_R_20260804_160419_749299_c53fc6.png,R,K,0.7410884499549866,"[{""label"": ""K"", ""probability"": 0.7410884499549866}, {""label"": ""H"", ""probability"": 0.1776799112558365}, {""label"": ""R"", ""probability"": 0.054311975836753845}]",airwrite
data/raw_airwrite/R/airwrite_R_20260903_163807_934173_6c8a39.png,R,K,0.8079808950424194,"[{""label"": ""K"", ""probability"": 0.8079808950424194}, {""label"": ""R"", ""probability"": 0.17313654720783234}, {""label"": ""H"", ""probability"": 0.014073922298848629}]",airwrite
data/raw_airwrite/R/airwrite_R_20260903_164036_177882_9d85fa.png,R,A,0.4093169867992401,"[{""label"": ""A"", ""probability"": 0.4093169867992401}, {""label"": ""R"", ""probability"": 0.20353303849697113}, {""label"": ""Y"", ""probability"": 0.07118916511535645}]",airwrite
data/raw_airwrite/R/airwrite_R_20260903_164255_490891_797b8d.png,R,K,0.5455227494239807,"[{""label"": ""K"", ""probability"": 0.5455227494239807}, {""label"": ""R"", ""probability"": 0.4180113971233368}, {""label"": ""F"", ""probability"": 0.014548443257808685}]",airwrite
data/raw_airwrite/R/airwrite_lowercase_r_20260805_214618_043583_a9d4bd.png,R,N,0.42376407980918884,"[{""label"": ""N"", ""probability"": 0.42376407980918884}, {""label"": ""M"", ""probability"": 0.394439697265625}, {""label"": ""A"", ""probability"": 0.11401170492172241}]",airwrite
data/raw_airwrite/S/airwrite_S_20260804_160557_739987_faf48d.png,S,V,0.42118945717811584,"[{""label"": ""V"", ""probability"": 0.42118945717811584}, {""label"": ""S"", ""probability"": 0.2937055230140686}, {""label"": ""N"", ""probability"": 0.18353137373924255}]",airwrite
data/raw_airwrite/S/airwrite_S_20260903_164557_232533_464583.png,S,J,0.8669533729553223,"[{""label"": ""J"", ""probability"": 0.8669533729553223}, {""label"": ""S"", ""probability"": 0.0909024178981781}, {""label"": ""I"", ""probability"": 0.027626309543848038}]",airwrite
data/raw_airwrite/S/airwrite_S_20260903_164608_383230_3639ba.png,S,G,0.41252776980400085,"[{""label"": ""G"", ""probability"": 0.41252776980400085}, {""label"": ""S"", ""probability"": 0.21568197011947632}, {""label"": ""F"", ""probability"": 0.18141356110572815}]",airwrite
data/raw_airwrite/S/airwrite_S_20260903_164720_025585_c102ed.png,S,Z,0.7793325185775757,"[{""label"": ""Z"", ""probability"": 0.7793325185775757}, {""label"": ""I"", ""probability"": 0.15752680599689484}, {""label"": ""S"", ""probability"": 0.03826381266117096}]",airwrite
data/raw_airwrite/S/airwrite_lowercase_s_20260805_214733_598329_ee13de.png,S,E,0.9539425373077393,"[{""label"": ""E"", ""probability"": 0.9539425373077393}, {""label"": ""G"", ""probability"": 0.021899882704019547}, {""label"": ""Z"", ""probability"": 0.017356393858790398}]",airwrite
data/raw_airwrite/S/airwrite_lowercase_s_20260805_214737_665974_d56e5b.png,S,E,0.918185293674469,"[{""label"": ""E"", ""probability"": 0.918185293674469}, {""label"": ""G"", ""probability"": 0.056005869060754776}, {""label"": ""F"", ""probability"": 0.02095063216984272}]",airwrite
data/raw_airwrite/S/airwrite_lowercase_s_20260805_214742_878662_57c7e8.png,S,G,0.9056377410888672,"[{""label"": ""G"", ""probability"": 0.9056377410888672}, {""label"": ""S"", ""probability"": 0.07128074765205383}, {""label"": ""E"", ""probability"": 0.02010202407836914}]",airwrite
data/raw_airwrite/T/airwrite_T_20260903_165240_044029_1f7ad1.png,T,I,0.754308819770813,"[{""label"": ""I"", ""probability"": 0.754308819770813}, {""label"": ""T"", ""probability"": 0.2136111706495285}, {""label"": ""Y"", ""probability"": 0.01709343120455742}]",airwrite
data/raw_airwrite/T/airwrite_lowercase_t_20260805_214830_369772_f836a9.png,T,U,0.9224961400032043,"[{""label"": ""U"", ""probability"": 0.9224961400032043}, {""label"": ""W"", ""probability"": 0.06315521895885468}, {""label"": ""D"", ""probability"": 0.00917151290923357}]",airwrite
data/raw_airwrite/V/airwrite_V_20260901_163707_675664_fb72a8.png,V,R,0.5372642278671265,"[{""label"": ""R"", ""probability"": 0.5372642278671265}, {""label"": ""V"", ""probability"": 0.3531966805458069}, {""label"": ""N"", ""probability"": 0.05852694809436798}]",airwrite
data/raw_airwrite/V/airwrite_lowercase_v_20260805_215012_461936_b00444 (29).png,V,U,0.7240245938301086,"[{""label"": ""U"", ""probability"": 0.7240245938301086}, {""label"": ""V"", ""probability"": 0.2746465802192688}, {""label"": ""W"", ""probability"": 0.0011088578030467033}]",airwrite
data/raw_airwrite/W/airwrite_lowercase_w_20260805_215240_235549_29e90e.png,W,U,0.5239014625549316,"[{""label"": ""U"", ""probability"": 0.5239014625549316}, {""label"": ""W"", ""probability"": 0.40451472997665405}, {""label"": ""V"", ""probability"": 0.06748000532388687}]",airwrite
data/raw_airwrite/X/airwrite_X_20260804_163407_337776_da949e.png,X,A,0.9538582563400269,"[{""label"": ""A"", ""probability"": 0.9538582563400269}, {""label"": ""X"", ""probability"": 0.02901178039610386}, {""label"": ""Y"", ""probability"": 0.006434764247387648}]",airwrite
data/raw_airwrite/X/airwrite_X_20260804_163422_347513_c74de9.png,X,Y,0.6222835183143616,"[{""label"": ""Y"", ""probability"": 0.6222835183143616}, {""label"": ""F"", ""probability"": 0.16417239606380463}, {""label"": ""X"", ""probability"": 0.0850900188088417}]",airwrite
data/raw_airwrite/X/airwrite_X_20260904_151720_796101_8bdb9f.png,X,A,0.9904829263687134,"[{""label"": ""A"", ""probability"": 0.9904829263687134}, {""label"": ""R"", ""probability"": 0.004768200684338808}, {""label"": ""X"", ""probability"": 0.0025272059720009565}]",airwrite
data/raw_airwrite/X/airwrite_X_20260904_152353_684340_574c06.png,X,T,0.49622997641563416,"[{""label"": ""T"", ""probability"": 0.49622997641563416}, {""label"": ""U"", ""probability"": 0.14023377001285553}, {""label"": ""A"", ""probability"": 0.12191334366798401}]",airwrite
data/raw_airwrite/Y/airwrite_Y_20260804_163628_338242_209434.png,Y,V,0.6281985640525818,"[{""label"": ""V"", ""probability"": 0.6281985640525818}, {""label"": ""W"", ""probability"": 0.1419321894645691}, {""label"": ""N"", ""probability"": 0.11397659778594971}]",airwrite
data/raw_airwrite/Y/airwrite_Y_20260804_163851_986865_fa103e.png,Y,K,0.5477640628814697,"[{""label"": ""K"", ""probability"": 0.5477640628814697}, {""label"": ""R"", ""probability"": 0.1821443736553192}, {""label"": ""Y"", ""probability"": 0.11713656783103943}]",airwrite
data/raw_airwrite/Y/airwrite_Y_20260901_164030_303735_7ad73a.png,Y,F,0.7320783138275146,"[{""label"": ""F"", ""probability"": 0.7320783138275146}, {""label"": ""Y"", ""probability"": 0.16275645792484283}, {""label"": ""I"", ""probability"": 0.08555889874696732}]",airwrite
data/raw_airwrite/Y/airwrite_Y_20260904_151448_405398_dd9219.png,Y,D,0.28499743342399597,"[{""label"": ""D"", ""probability"": 0.28499743342399597}, {""label"": ""S"", ""probability"": 0.238657608628273}, {""label"": ""J"", ""probability"": 0.17757999897003174}]",airwrite
data/raw_airwrite/Y/airwrite_Y_20260904_151512_948621_f893d5.png,Y,T,0.8211652636528015,"[{""label"": ""T"", ""probability"": 0.8211652636528015}, {""label"": ""Y"", ""probability"": 0.09997643530368805}, {""label"": ""R"", ""probability"": 0.03796825185418129}]",airwrite
data/raw_airwrite/Z/airwrite_Z_20260901_164123_088798_e9a7cc.png,Z,E,0.7737348675727844,"[{""label"": ""E"", ""probability"": 0.7737348675727844}, {""label"": ""Z"", ""probability"": 0.22552384436130524}, {""label"": ""F"", ""probability"": 0.0005087279714643955}]",airwrite
data/raw_airwrite/Z/airwrite_Z_20260904_151030_827767_4f03bf.png,Z,I,0.35171765089035034,"[{""label"": ""I"", ""probability"": 0.35171765089035034}, {""label"": ""T"", ""probability"": 0.16422811150550842}, {""label"": ""J"", ""probability"": 0.14721524715423584}]",airwrite
